<?xml version="1.0" encoding="UTF-8"?><TransactionRequestList>
   <TransactionRequestElement>
      <NAME>Marc</NAME>
      <IBAN/>
      <VALUE/>
   </TransactionRequestElement>
   <TransactionRequestElement>
      <NAME>Petra</NAME>
      <IBAN/>
      <VALUE/>
   </TransactionRequestElement>
   <TransactionRequestElement>
      <NAME>Anita</NAME>
      <IBAN/>
      <VALUE/>
   </TransactionRequestElement>
   <TransactionRequestElement>
      <NAME>Peter</NAME>
      <IBAN/>
      <VALUE/>
   </TransactionRequestElement>
   <TransactionRequestElement>
      <NAME>John</NAME>
      <IBAN/>
      <VALUE/>
   </TransactionRequestElement>
</TransactionRequestList>